ID,materialCode,materialDesc,baseUom,productGroup,materialGroup,density,apiGravity,flashPoint,isActive
20000000-0000-0000-0000-000000000001,CRUDE-ARAB-LIGHT,Arabian Light Crude Oil,MT,CRUDE_OIL,CR,0.855000,33.92,None,true
20000000-0000-0000-0000-000000000002,CRUDE-BRENT,Brent Crude Oil,MT,CRUDE_OIL,CR,0.835000,37.52,None,true
20000000-0000-0000-0000-000000000003,NAP-STRAIGHT,Straight Run Naphtha,MT,NAPHTHA,LD,0.718000,63.58,None,true
20000000-0000-0000-0000-000000000004,KERO-JET-A1,Jet Fuel A-1,MT,JET_FUEL,LD,0.802000,44.63,38.0,true
20000000-0000-0000-0000-000000000005,DIESEL-ULSD,Ultra Low Sulphur Diesel,MT,DIESEL,FP,0.845000,35.97,61.0,true
20000000-0000-0000-0000-000000000006,FO-RESID-380,Fuel Oil 380 cSt,MT,FUEL_OIL,RS,0.991000,11.60,None,true
20000000-0000-0000-0000-000000000007,MOGAS-RON95,Mogas RON 95,MT,MOGAS,FP,0.754000,57.40,None,true
20000000-0000-0000-0000-000000000008,LPG-PROPANE,LPG Propane,MT,LPG,SB,0.510000,147.00,None,true
20000000-0000-0000-0000-000000000009,BLEND-CUSTOM,Custom Blend,MT,BLENDS,SB,0.820000,40.65,40.0,true
20000000-0000-0000-0000-000000000010,VGO-HVGO,Heavy Vacuum Gas Oil,MT,VGO,RS,0.905000,24.79,None,true
