ID,tankId,tankName,plant_ID,material_ID,storageLocation,capacity,densityFactor,tempCorrFactor,tankType,isActive
30000000-0000-0000-0000-000000000001,T-1001,Crude Storage Tank 1,10000000-0000-0000-0000-000000000001,20000000-0000-0000-0000-000000000001,0001,50000.000,0.855000,0.000720,CRUDE,true
30000000-0000-0000-0000-000000000002,T-1002,Crude Storage Tank 2,10000000-0000-0000-0000-000000000001,20000000-0000-0000-0000-000000000002,0001,50000.000,0.835000,0.000720,CRUDE,true
30000000-0000-0000-0000-000000000003,T-2001,Naphtha Product Tank,10000000-0000-0000-0000-000000000001,20000000-0000-0000-0000-000000000003,0002,20000.000,0.718000,0.000900,PRODUCT,true
30000000-0000-0000-0000-000000000004,T-2002,Jet Fuel Tank A1,10000000-0000-0000-0000-000000000001,20000000-0000-0000-0000-000000000004,0002,15000.000,0.802000,0.000800,PRODUCT,true
30000000-0000-0000-0000-000000000005,T-2003,ULSD Product Tank,10000000-0000-0000-0000-000000000001,20000000-0000-0000-0000-000000000005,0002,25000.000,0.845000,0.000750,PRODUCT,true
30000000-0000-0000-0000-000000000006,T-3001,Fuel Oil Residual Tank,10000000-0000-0000-0000-000000000001,20000000-0000-0000-0000-000000000006,0003,80000.000,0.991000,0.000450,PRODUCT,true
30000000-0000-0000-0000-000000000007,T-3002,Mogas Blending Tank,10000000-0000-0000-0000-000000000001,20000000-0000-0000-0000-000000000007,0003,18000.000,0.754000,0.000920,BLEND,true
30000000-0000-0000-0000-000000000008,T-4001,VGO Intermediate Tank,10000000-0000-0000-0000-000000000001,20000000-0000-0000-0000-000000000010,0004,30000.000,0.905000,0.000650,INTERMEDIATE,true
30000000-0000-0000-0000-000000000009,T-1003,Crude Storage Tank 3,10000000-0000-0000-0000-000000000002,20000000-0000-0000-0000-000000000001,0001,60000.000,0.855000,0.000720,CRUDE,true
30000000-0000-0000-0000-000000000010,T-2004,Diesel Tank EU,10000000-0000-0000-0000-000000000002,20000000-0000-0000-0000-000000000005,0002,30000.000,0.845000,0.000750,PRODUCT,true
