ID,level,plant_ID,materialGroup,dailyTolerance,monthlyTolerance,escalationAction,escalationRole,isActive
40000000-0000-0000-0000-000000000001,REFINERY,,GP,0.0020,0.0010,Executive escalation,EXEC_MANAGEMENT,true
40000000-0000-0000-0000-000000000002,PLANT,10000000-0000-0000-0000-000000000001,CR,0.0015,0.0008,Plant manager review,PLANT_MANAGER,true
40000000-0000-0000-0000-000000000003,PLANT,10000000-0000-0000-0000-000000000001,RS,0.0015,0.0008,Plant manager review,PLANT_MANAGER,true
40000000-0000-0000-0000-000000000004,TANK,10000000-0000-0000-0000-000000000001,LD,0.0010,0.0005,Operations review,OPERATIONS_LEAD,true
40000000-0000-0000-0000-000000000005,TANK,10000000-0000-0000-0000-000000000001,FP,0.0012,0.0006,Quality and operations,QUALITY_MANAGER,true
40000000-0000-0000-0000-000000000006,MATERIAL,10000000-0000-0000-0000-000000000001,SB,0.0008,0.0004,Blending supervisor,BLENDING_SUPERVISOR,true
40000000-0000-0000-0000-000000000007,PLANT,10000000-0000-0000-0000-000000000002,CR,0.0015,0.0008,Plant manager review,PLANT_MANAGER,true
40000000-0000-0000-0000-000000000008,TANK,10000000-0000-0000-0000-000000000002,FP,0.0012,0.0006,Quality and operations,QUALITY_MANAGER,true
40000000-0000-0000-0000-000000000009,PLANT,10000000-0000-0000-0000-000000000003,CR,0.0015,0.0008,Plant manager review,PLANT_MANAGER,true
40000000-0000-0000-0000-000000000010,REFINERY,,CR,0.0020,0.0010,Executive escalation,EXEC_MANAGEMENT,true
